Day,Bus,Times
Workday,10 to Gatwick,03:26
Workday,10 to Gatwick,03:56
Workday,10 to Gatwick,04:24
Workday,10 to Gatwick,04:46
Workday,10 to Gatwick,05:01
Workday,10 to Gatwick,05:21
Workday,10 to Gatwick,05:37
Workday,10 to Gatwick,05:52
Workday,10 to Gatwick,06:08
Workday,10 to Gatwick,06:18
Workday,10 to Gatwick,06:28
Workday,10 to Gatwick,06:40
Workday,10 to Gatwick,06:50
Workday,10 to Gatwick,07:00
Workday,10 to Gatwick,07:10
Workday,10 to Gatwick,07:20
Workday,10 to Gatwick,07:30
Workday,10 to Gatwick,07:40
Workday,10 to Gatwick,07:50
Workday,10 to Gatwick,08:01
Workday,10 to Gatwick,08:10
Workday,10 to Gatwick,08:23
Workday,10 to Gatwick,08:33
Workday,10 to Gatwick,08:43
Workday,10 to Gatwick,08:52
Workday,10 to Gatwick,09:00
Workday,10 to Gatwick,09:08
Workday,10 to Gatwick,09:15
Workday,10 to Gatwick,09:22
Workday,10 to Gatwick,09:29
Workday,10 to Gatwick,09:36
Workday,10 to Gatwick,09:44
Workday,10 to Gatwick,09:51
Workday,10 to Gatwick,09:59
Workday,10 to Gatwick,10:07
Workday,10 to Gatwick,10:15
Workday,10 to Gatwick,10:23
Workday,10 to Gatwick,10:31
Workday,10 to Gatwick,10:39
Workday,10 to Gatwick,10:46
Workday,10 to Gatwick,10:54
Workday,10 to Gatwick,11:02
Workday,10 to Gatwick,11:09
Workday,10 to Gatwick,11:17
Workday,10 to Gatwick,11:25
Workday,10 to Gatwick,11:32
Workday,10 to Gatwick,11:40
Workday,10 to Gatwick,11:48
Workday,10 to Gatwick,11:55
Workday,10 to Gatwick,12:03
Workday,10 to Gatwick,12:11
Workday,10 to Gatwick,12:19
Workday,10 to Gatwick,12:26
Workday,10 to Gatwick,12:34
Workday,10 to Gatwick,12:42
Workday,10 to Gatwick,12:49
Workday,10 to Gatwick,12:57
Workday,10 to Gatwick,13:05
Workday,10 to Gatwick,13:12
Workday,10 to Gatwick,13:20
Workday,10 to Gatwick,13:28
Workday,10 to Gatwick,13:35
Workday,10 to Gatwick,13:43
Workday,10 to Gatwick,13:51
Workday,10 to Gatwick,13:59
Workday,10 to Gatwick,14:06
Workday,10 to Gatwick,14:14
Workday,10 to Gatwick,14:22
Workday,10 to Gatwick,14:29
Workday,10 to Gatwick,14:37
Workday,10 to Gatwick,14:45
Workday,10 to Gatwick,14:52
Workday,10 to Gatwick,15:00
Workday,10 to Gatwick,15:08
Workday,10 to Gatwick,15:15
Workday,10 to Gatwick,15:23
Workday,10 to Gatwick,15:31
Workday,10 to Gatwick,15:39
Workday,10 to Gatwick,15:46
Workday,10 to Gatwick,15:54
Workday,10 to Gatwick,16:02
Workday,10 to Gatwick,16:09
Workday,10 to Gatwick,16:16
Workday,10 to Gatwick,16:25
Workday,10 to Gatwick,16:34
Workday,10 to Gatwick,16:42
Workday,10 to Gatwick,16:50
Workday,10 to Gatwick,16:58
Workday,10 to Gatwick,17:06
Workday,10 to Gatwick,17:14
Workday,10 to Gatwick,17:22
Workday,10 to Gatwick,17:30
Workday,10 to Gatwick,17:39
Workday,10 to Gatwick,17:47
Workday,10 to Gatwick,17:55
Workday,10 to Gatwick,18:03
Workday,10 to Gatwick,18:11
Workday,10 to Gatwick,18:19
Workday,10 to Gatwick,18:26
Workday,10 to Gatwick,18:33
Workday,10 to Gatwick,18:40
Workday,10 to Gatwick,18:48
Workday,10 to Gatwick,18:55
Workday,10 to Gatwick,19:02
Workday,10 to Gatwick,19:09
Workday,10 to Gatwick,19:15
Workday,10 to Gatwick,19:22
Workday,10 to Gatwick,19:30
Workday,10 to Gatwick,19:40
Workday,10 to Gatwick,19:50
Workday,10 to Gatwick,20:00
Workday,10 to Gatwick,20:10
Workday,10 to Gatwick,20:22
Workday,10 to Gatwick,20:34
Workday,10 to Gatwick,20:46
Workday,10 to Gatwick,20:58
Workday,10 to Gatwick,21:10
Workday,10 to Gatwick,21:22
Workday,10 to Gatwick,21:34
Workday,10 to Gatwick,21:46
Workday,10 to Gatwick,22:01
Workday,10 to Gatwick,22:16
Workday,10 to Gatwick,22:31
Workday,10 to Gatwick,22:46
Workday,10 to Gatwick,23:01
Workday,10 to Gatwick,23:31
Saturday,10 to Gatwick,03:26
Saturday,10 to Gatwick,03:56
Saturday,10 to Gatwick,04:24
Saturday,10 to Gatwick,04:46
Saturday,10 to Gatwick,05:01
Saturday,10 to Gatwick,05:21
Saturday,10 to Gatwick,05:36
Saturday,10 to Gatwick,05:52
Saturday,10 to Gatwick,06:08
Saturday,10 to Gatwick,06:23
Saturday,10 to Gatwick,06:36
Saturday,10 to Gatwick,06:48
Saturday,10 to Gatwick,07:00
Saturday,10 to Gatwick,07:12
Saturday,10 to Gatwick,07:24
Saturday,10 to Gatwick,07:36
Saturday,10 to Gatwick,07:48
Saturday,10 to Gatwick,08:00
Saturday,10 to Gatwick,08:12
Saturday,10 to Gatwick,08:26
Saturday,10 to Gatwick,08:38
Saturday,10 to Gatwick,08:51
Saturday,10 to Gatwick,09:03
Saturday,10 to Gatwick,09:15
Saturday,10 to Gatwick,09:26
Saturday,10 to Gatwick,09:36
Saturday,10 to Gatwick,09:47
Saturday,10 to Gatwick,09:58
Saturday,10 to Gatwick,10:09
Saturday,10 to Gatwick,10:19
Saturday,10 to Gatwick,10:27
Saturday,10 to Gatwick,10:35
Saturday,10 to Gatwick,10:42
Saturday,10 to Gatwick,10:50
Saturday,10 to Gatwick,10:57
Saturday,10 to Gatwick,11:05
Saturday,10 to Gatwick,11:12
Saturday,10 to Gatwick,11:20
Saturday,10 to Gatwick,11:27
Saturday,10 to Gatwick,11:35
Saturday,10 to Gatwick,11:43
Saturday,10 to Gatwick,11:50
Saturday,10 to Gatwick,11:58
Saturday,10 to Gatwick,12:05
Saturday,10 to Gatwick,12:13
Saturday,10 to Gatwick,12:20
Saturday,10 to Gatwick,12:28
Saturday,10 to Gatwick,12:35
Saturday,10 to Gatwick,12:43
Saturday,10 to Gatwick,12:50
Saturday,10 to Gatwick,12:58
Saturday,10 to Gatwick,13:05
Saturday,10 to Gatwick,13:13
Saturday,10 to Gatwick,13:21
Saturday,10 to Gatwick,13:28
Saturday,10 to Gatwick,13:36
Saturday,10 to Gatwick,13:43
Saturday,10 to Gatwick,13:51
Saturday,10 to Gatwick,13:58
Saturday,10 to Gatwick,14:06
Saturday,10 to Gatwick,14:13
Saturday,10 to Gatwick,14:21
Saturday,10 to Gatwick,14:28
Saturday,10 to Gatwick,14:36
Saturday,10 to Gatwick,14:43
Saturday,10 to Gatwick,14:51
Saturday,10 to Gatwick,14:59
Saturday,10 to Gatwick,15:06
Saturday,10 to Gatwick,15:14
Saturday,10 to Gatwick,15:21
Saturday,10 to Gatwick,15:29
Saturday,10 to Gatwick,15:36
Saturday,10 to Gatwick,15:44
Saturday,10 to Gatwick,15:51
Saturday,10 to Gatwick,15:59
Saturday,10 to Gatwick,16:06
Saturday,10 to Gatwick,16:14
Saturday,10 to Gatwick,16:21
Saturday,10 to Gatwick,16:29
Saturday,10 to Gatwick,16:37
Saturday,10 to Gatwick,16:44
Saturday,10 to Gatwick,16:52
Saturday,10 to Gatwick,16:59
Saturday,10 to Gatwick,17:07
Saturday,10 to Gatwick,17:14
Saturday,10 to Gatwick,17:22
Saturday,10 to Gatwick,17:29
Saturday,10 to Gatwick,17:37
Saturday,10 to Gatwick,17:44
Saturday,10 to Gatwick,17:52
Saturday,10 to Gatwick,17:58
Saturday,10 to Gatwick,18:06
Saturday,10 to Gatwick,18:13
Saturday,10 to Gatwick,18:20
Saturday,10 to Gatwick,18:28
Saturday,10 to Gatwick,18:35
Saturday,10 to Gatwick,18:44
Saturday,10 to Gatwick,18:53
Saturday,10 to Gatwick,19:02
Saturday,10 to Gatwick,19:12
Saturday,10 to Gatwick,19:22
Saturday,10 to Gatwick,19:34
Saturday,10 to Gatwick,19:46
Saturday,10 to Gatwick,19:58
Saturday,10 to Gatwick,20:10
Saturday,10 to Gatwick,20:22
Saturday,10 to Gatwick,20:34
Saturday,10 to Gatwick,20:46
Saturday,10 to Gatwick,20:58
Saturday,10 to Gatwick,21:10
Saturday,10 to Gatwick,21:22
Saturday,10 to Gatwick,21:34
Saturday,10 to Gatwick,21:46
Saturday,10 to Gatwick,22:01
Saturday,10 to Gatwick,22:16
Saturday,10 to Gatwick,22:31
Saturday,10 to Gatwick,22:46
Saturday,10 to Gatwick,23:01
Saturday,10 to Gatwick,23:31
Sunday,10 to Gatwick,03:26
Sunday,10 to Gatwick,03:56
Sunday,10 to Gatwick,04:24
Sunday,10 to Gatwick,04:46
Sunday,10 to Gatwick,05:01
Sunday,10 to Gatwick,05:22
Sunday,10 to Gatwick,05:37
Sunday,10 to Gatwick,05:52
Sunday,10 to Gatwick,06:08
Sunday,10 to Gatwick,06:24
Sunday,10 to Gatwick,06:39
Sunday,10 to Gatwick,06:54
Sunday,10 to Gatwick,07:09
Sunday,10 to Gatwick,07:24
Sunday,10 to Gatwick,07:39
Sunday,10 to Gatwick,07:54
Sunday,10 to Gatwick,08:09
Sunday,10 to Gatwick,08:24
Sunday,10 to Gatwick,08:39
Sunday,10 to Gatwick,08:55
Sunday,10 to Gatwick,09:10
Sunday,10 to Gatwick,09:26
Sunday,10 to Gatwick,09:42
Sunday,10 to Gatwick,09:57
Sunday,10 to Gatwick,10:12
Sunday,10 to Gatwick,10:27
Sunday,10 to Gatwick,10:42
Sunday,10 to Gatwick,10:58
Sunday,10 to Gatwick,11:14
Sunday,10 to Gatwick,11:31
Sunday,10 to Gatwick,11:43
Sunday,10 to Gatwick,11:55
Sunday,10 to Gatwick,12:07
Sunday,10 to Gatwick,12:19
Sunday,10 to Gatwick,12:29
Sunday,10 to Gatwick,12:39
Sunday,10 to Gatwick,12:49
Sunday,10 to Gatwick,12:59
Sunday,10 to Gatwick,13:09
Sunday,10 to Gatwick,13:19
Sunday,10 to Gatwick,13:29
Sunday,10 to Gatwick,13:39
Sunday,10 to Gatwick,13:49
Sunday,10 to Gatwick,13:59
Sunday,10 to Gatwick,14:09
Sunday,10 to Gatwick,14:19
Sunday,10 to Gatwick,14:29
Sunday,10 to Gatwick,14:39
Sunday,10 to Gatwick,14:49
Sunday,10 to Gatwick,14:59
Sunday,10 to Gatwick,15:09
Sunday,10 to Gatwick,15:19
Sunday,10 to Gatwick,15:29
Sunday,10 to Gatwick,15:39
Sunday,10 to Gatwick,15:49
Sunday,10 to Gatwick,15:59
Sunday,10 to Gatwick,16:09
Sunday,10 to Gatwick,16:19
Sunday,10 to Gatwick,16:29
Sunday,10 to Gatwick,16:39
Sunday,10 to Gatwick,16:49
Sunday,10 to Gatwick,16:58
Sunday,10 to Gatwick,17:07
Sunday,10 to Gatwick,17:16
Sunday,10 to Gatwick,17:25
Sunday,10 to Gatwick,17:35
Sunday,10 to Gatwick,17:46
Sunday,10 to Gatwick,17:58
Sunday,10 to Gatwick,18:10
Sunday,10 to Gatwick,18:22
Sunday,10 to Gatwick,18:34
Sunday,10 to Gatwick,18:46
Sunday,10 to Gatwick,19:01
Sunday,10 to Gatwick,19:16
Sunday,10 to Gatwick,19:31
Sunday,10 to Gatwick,19:46
Sunday,10 to Gatwick,20:01
Sunday,10 to Gatwick,20:16
Sunday,10 to Gatwick,20:31
Sunday,10 to Gatwick,20:46
Sunday,10 to Gatwick,21:01
Sunday,10 to Gatwick,21:16
Sunday,10 to Gatwick,21:31
Sunday,10 to Gatwick,21:46
Sunday,10 to Gatwick,22:01
Sunday,10 to Gatwick,22:16
Sunday,10 to Gatwick,22:31
Sunday,10 to Gatwick,22:46
Sunday,10 to Gatwick,23:01
Sunday,10 to Gatwick,23:31
